{"intents":[
  {"tag": "greetings",
    "patterns": ["hello","hey","hi","good day","Greetings","what's up?","how is it going?"],
    "responses": ["Hello!","Hey!","What can I do for you?"]
  },
  {"tag": "recommend",
    "patterns": ["recommend me music!","what music would you recommend me?","recommend?","what music would make me peaceful?"],
    "responses": ["The White Stripes would be the best album i would recommend","De Stijl would be the best album i would recommend","White Blood Cells would be the best album i would recommend","Elephant would be the best album i would recommend","Icky Thump would be the best album i would recommend","Under Great White Northern Lights would be the best album i would recommend","Live in Mississippi would be the best album i would recommend","Live at the Gold Dollar would be the best album i would recommend","Nine Miles from the White City would be the best album i would recommend"]
  }
  

]}